Item com Estoque,Item
Bolo Choco Nozes 16CM - Estoque,Bolo Choco Nozes 16CM
Bolo Choco Nozes 21CM - Estoque,Bolo Choco Nozes 21CM
Bolo Choco Nozes 24CM - Estoque,Bolo Choco Nozes
Bolo Branca de Neve 16CM - Estoque,Bolo Branca de Neve
Bolo Mineirinha 21CM - Estoque,Bolo Mineirinha
Bolo Mineirinha 24CM - Estoque,Bolo Mineirinha
Bolo Branca de Neve 21CM - Estoque,Bolo Branca de Neve
Bolo Branca de Neve 24CM - Estoque,Bolo Branca de Neve
Bolo Moderno 16CM - Estoque,Bolo Moderno
Bolo Mineirinha 16CM - Estoque,Bolo Mineirinha
Bolo Moderno 21CM - Estoque,Bolo Moderno
Bolo Moderno 24CM - Estoque,Bolo Moderno 24CM
Bolo Black Cake 16CM - Estoque,Bolo Black Cake
Bolo Black Cake 21CM - Estoque,Bolo Black Cake
Bolo Redvelvet da Casa 21CM - Estoque,Bolo Redvelvet da Casa 
Bolo Redvelvet da Casa 24CM - Estoque,Bolo Redvelvet da Casa 
Bolo Redvelvet da Casa 16CM - Estoque,Bolo Redvelvet da Casa 
Travessa de Brownie - Estoque,Travessa brownie Especial
Travessa de Pavê Especial com Morangos - Estoque,Travessa de morango
Travessa De Maracuja - Estoque,Travessa De Maracuja
Travessa de Banoffe - Estoque,Travessa de Banoffe
Taça Brownie e Morango - Estoque,Taça Brownie e Morango
Taça Gargamel - Estoque,Taça Gargamel
Taça Ouro Branco - Estoque,Taça Ouro Branco
Torta Sensação Redvelvet - Estoque,Sensação inteira Redvelvet
Torta Sensação Nozes - Estoque,Sensação inteira nozes
Torta Sensação Maracuja - Estoque,Sensação inteira maracuj
Sanduba de Cookies - Estoque,Sanduba de Cookie
Mini Cheesecake - Estoque,mini torta 10cm
Pudim de Leite 16CM - Estoque,Pudim inteiro Leite 950g
Pudim de Leite G - Estoque,Pudim inteiro Leite 1650
Cheesecake de Nozes 16cm- Estoque,Cheesecake de nozes 16cm
Cheesecake de Nozes 22cm- Estoque,Cheesecake de nozes 22cm
POP BROWNIE - Estoque,pop brownie copo
Naked Brownie - Estoque,Naked Brownie
BROWNIE COM AVELÃ - Estoque,BROWNIE COM AVELÃ
Bombom de Morango - Estoque,Bombom de Morango
Bolo Fit Sem Açúcar e sem Farinha M - Estoque,bolo fitness M
Bolo Fit Sem Açúcar e sem Farinha  G- Estoque,bolo fitness G
Supreme de Brigadeiro - Estoque,Supreme de Brigadeiro
Supreme de Morango - Estoque,Supreme de Morango
Supreme de Abacaxi - Estoque,Supreme de abacaxi
Bolo no Pote Cremoso ,bolo de pote
Bolo Piscina Cenoura - Estoque,Bolo Piscina
Pão Artesanal Brioche - Estoque,pão brioche artezanal
Petisqueira Doce - Estoque,Petisqueira
